profile,layer,channel,tau
bio,1,1,1.4481914043426514
bio,1,2,4.427425861358643
bio,1,3,1.100000023841858
bio,1,4,1.1448084115982056
bio,1,5,1.931931495666504
bio,1,6,1.8364875316619873
bio,1,7,4.30031681060791
bio,1,8,1.1542108058929443
bio,1,9,2.222574234008789
bio,1,10,1.6421810388565063
bio,1,11,10.151753425598145
bio,1,12,1.674228310585022
bio,1,13,11.033804893493652
bio,1,14,11.558608055114746
bio,1,15,6.91269588470459
bio,1,16,1.7994012832641602
bio,1,17,1.3997350931167603
bio,1,18,8.381247520446777
bio,1,19,1.100000023841858
bio,1,20,1.528678059577942
bio,1,21,1.9838502407073975
bio,1,22,2.9550745487213135
bio,1,23,8.3014497756958
bio,1,24,4.366920471191406
bio,1,25,6.169592380523682
bio,1,26,9.629778861999512
bio,1,27,1.6396238803863525
bio,1,28,1.3294826745986938
bio,1,29,6.427055358886719
bio,1,30,4.842568874359131
bio,1,31,2.7547450065612793
bio,1,32,1.100000023841858
bio,2,1,5.165223598480225
bio,2,2,4.945722579956055
bio,2,3,5.875767707824707
bio,2,4,5.392227649688721
bio,2,5,4.5990118980407715
bio,2,6,4.706026077270508
bio,2,7,6.171306133270264
bio,2,8,2.571061849594116
bio,2,9,5.033113479614258
bio,2,10,5.744401454925537
bio,2,11,3.346719264984131
bio,2,12,4.986834526062012
bio,2,13,4.9933881759643555
bio,2,14,5.288923740386963
bio,2,15,4.5613322257995605
bio,2,16,4.939297199249268
bio,2,17,4.830838203430176
bio,2,18,2.6121559143066406
bio,2,19,1.100000023841858
bio,2,20,2.155500650405884
bio,2,21,5.179890155792236
bio,2,22,1.480175495147705
bio,2,23,2.654555082321167
bio,2,24,2.2437429428100586
bio,2,25,1.9167672395706177
bio,2,26,4.966544151306152
bio,2,27,5.203165054321289
bio,2,28,4.961057186126709
bio,2,29,4.605371475219727
bio,2,30,2.349555253982544
bio,2,31,4.166411399841309
bio,2,32,3.8800413608551025
bio,2,33,4.839049339294434
bio,2,34,4.7283935546875
bio,2,35,1.1093473434448242
bio,2,36,4.840043067932129
bio,2,37,1.192286729812622
bio,2,38,4.300775051116943
bio,2,39,4.953885555267334
bio,2,40,1.1017287969589233
bio,2,41,5.044417858123779
bio,2,42,4.877872943878174
bio,2,43,1.231595516204834
bio,2,44,5.798625946044922
bio,2,45,2.8765575885772705
bio,2,46,4.743734359741211
bio,2,47,4.988816738128662
bio,2,48,2.87308669090271
bio,2,49,4.296424388885498
bio,2,50,1.100000023841858
bio,2,51,4.963138103485107
bio,2,52,4.533388137817383
bio,2,53,4.9758219718933105
bio,2,54,4.600806713104248
bio,2,55,1.100000023841858
bio,2,56,5.859806537628174
bio,2,57,5.797964572906494
bio,2,58,4.535021781921387
bio,2,59,4.934915065765381
bio,2,60,4.5858378410339355
bio,2,61,3.933370351791382
bio,2,62,1.100000023841858
bio,2,63,6.447106838226318
bio,2,64,1.117870807647705
bio,3,1,4.900151252746582
bio,3,2,4.277054309844971
bio,3,3,2.673220157623291
bio,3,4,6.023287773132324
bio,3,5,4.520517826080322
bio,3,6,3.4027464389801025
bio,3,7,3.279033899307251
bio,3,8,4.399940013885498
bio,3,9,2.6200740337371826
bio,3,10,6.23842191696167
bio,3,11,3.7980659008026123
bio,3,12,3.488642454147339
bio,3,13,3.4290406703948975
bio,3,14,4.3256449699401855
bio,3,15,2.437894105911255
bio,3,16,3.120769739151001
bio,3,17,3.2537620067596436
bio,3,18,2.552586317062378
bio,3,19,4.362307071685791
bio,3,20,4.620335578918457
bio,3,21,8.232120513916016
bio,3,22,3.2325897216796875
bio,3,23,6.492836952209473
bio,3,24,3.841355562210083
bio,3,25,2.14088773727417
bio,3,26,3.5894649028778076
bio,3,27,2.826272487640381
bio,3,28,4.8292999267578125
bio,3,29,3.8831944465637207
bio,3,30,4.215497016906738
bio,3,31,3.949314832687378
bio,3,32,6.3909687995910645
bio,3,33,2.9768621921539307
bio,3,34,3.518810510635376
bio,3,35,3.4832992553710938
bio,3,36,3.1152589321136475
bio,3,37,2.999392509460449
bio,3,38,3.649787664413452
bio,3,39,6.003932952880859
bio,3,40,2.787540912628174
bio,3,41,3.8042144775390625
bio,3,42,3.004626989364624
bio,3,43,4.066185474395752
bio,3,44,3.8766400814056396
bio,3,45,4.354767322540283
bio,3,46,4.1290669441223145
bio,3,47,2.1272964477539062
bio,3,48,3.416361093521118
bio,3,49,2.8359193801879883
bio,3,50,4.948465347290039
bio,3,51,2.985360860824585
bio,3,52,3.4375686645507812
bio,3,53,4.038663864135742
bio,3,54,4.885144233703613
bio,3,55,2.9497036933898926
bio,3,56,3.8189189434051514
bio,3,57,3.1790685653686523
bio,3,58,3.387040615081787
bio,3,59,4.747289657592773
bio,3,60,3.9034154415130615
bio,3,61,3.378709316253662
bio,3,62,6.296322822570801
bio,3,63,2.9428625106811523
bio,3,64,5.1686882972717285
bio,3,65,6.1965556144714355
bio,3,66,6.704834938049316
bio,3,67,5.572936058044434
bio,3,68,2.6522011756896973
bio,3,69,4.02577543258667
bio,3,70,3.9680559635162354
bio,3,71,4.454679489135742
bio,3,72,3.655064582824707
bio,3,73,3.2135114669799805
bio,3,74,3.716787576675415
bio,3,75,1.2805291414260864
bio,3,76,2.7662131786346436
bio,3,77,3.3391313552856445
bio,3,78,4.982430934906006
bio,3,79,2.1635546684265137
bio,3,80,3.861102342605591
bio,3,81,2.846463203430176
bio,3,82,2.9599006175994873
bio,3,83,1.5833925008773804
bio,3,84,1.4998174905776978
bio,3,85,3.8000295162200928
bio,3,86,3.8775291442871094
bio,3,87,3.082124948501587
bio,3,88,5.338948726654053
bio,3,89,2.4039974212646484
bio,3,90,2.929267644882202
bio,3,91,4.20227575302124
bio,3,92,3.6535449028015137
bio,3,93,6.405223369598389
bio,3,94,8.729708671569824
bio,3,95,8.253219604492188
bio,3,96,5.631813049316406
bio,3,97,8.04798698425293
bio,3,98,3.7923130989074707
bio,3,99,3.4087729454040527
bio,3,100,3.951169490814209
bio,3,101,4.566007614135742
bio,3,102,2.757890462875366
bio,3,103,3.0782954692840576
bio,3,104,3.37764048576355
bio,3,105,3.927363395690918
bio,3,106,4.981734752655029
bio,3,107,3.2140114307403564
bio,3,108,7.918022155761719
bio,3,109,2.253293514251709
bio,3,110,4.318948268890381
bio,3,111,3.5696043968200684
bio,3,112,6.151208877563477
bio,3,113,3.074679374694824
bio,3,114,3.5701680183410645
bio,3,115,2.2256877422332764
bio,3,116,2.9840376377105713
bio,3,117,3.602808952331543
bio,3,118,3.340298652648926
bio,3,119,2.704026699066162
bio,3,120,2.9188544750213623
bio,3,121,3.779571294784546
bio,3,122,4.740952014923096
bio,3,123,6.209224700927734
bio,3,124,1.657155990600586
bio,3,125,3.0981945991516113
bio,3,126,5.35385274887085
bio,3,127,8.395227432250977
bio,3,128,3.711045026779175
bio,4,1,3.500613212585449
bio,4,2,4.084012031555176
bio,4,3,3.996986150741577
bio,4,4,3.5213587284088135
bio,4,5,4.397494316101074
bio,4,6,5.414405822753906
bio,4,7,4.411719799041748
bio,4,8,3.34169864654541
bio,4,9,4.021071910858154
bio,4,10,3.6095378398895264
bio,4,11,4.731740474700928
bio,4,12,4.258991241455078
bio,4,13,4.4537553787231445
bio,4,14,4.12133264541626
bio,4,15,4.555296897888184
bio,4,16,3.389768600463867
bio,4,17,3.4767260551452637
bio,4,18,3.4373180866241455
bio,4,19,4.759066581726074
bio,4,20,3.446545362472534
bio,4,21,3.589310884475708
bio,4,22,4.571286678314209
bio,4,23,3.486682653427124
bio,4,24,3.7218663692474365
bio,4,25,3.247670888900757
bio,4,26,4.474639892578125
bio,4,27,3.3134899139404297
bio,4,28,4.654862880706787
bio,4,29,3.757370710372925
bio,4,30,3.2488327026367188
bio,4,31,4.715463161468506
bio,4,32,3.836376667022705
bio,4,33,4.969784736633301
bio,4,34,4.611225128173828
bio,4,35,3.7305896282196045
bio,4,36,3.294151782989502
bio,4,37,4.991503715515137
bio,4,38,3.370492696762085
bio,4,39,3.445655345916748
bio,4,40,4.0996294021606445
bio,4,41,4.3328447341918945
bio,4,42,4.1587677001953125
bio,4,43,3.3649652004241943
bio,4,44,4.722534656524658
bio,4,45,3.4928462505340576
bio,4,46,4.263297080993652
bio,4,47,4.3577880859375
bio,4,48,3.6194651126861572
bio,4,49,3.579084634780884
bio,4,50,3.3809168338775635
bio,4,51,4.175810813903809
bio,4,52,4.849232196807861
bio,4,53,3.915412187576294
bio,4,54,3.3463282585144043
bio,4,55,5.179698467254639
bio,4,56,3.374948263168335
bio,4,57,3.4437050819396973
bio,4,58,3.427358627319336
bio,4,59,4.634922504425049
bio,4,60,4.510197162628174
bio,4,61,3.7537734508514404
bio,4,62,3.655745506286621
bio,4,63,4.277263641357422
bio,4,64,3.3503410816192627
bio,4,65,3.5634567737579346
bio,4,66,4.713072776794434
bio,4,67,3.4427547454833984
bio,4,68,5.410239219665527
bio,4,69,4.119429588317871
bio,4,70,3.46289324760437
bio,4,71,3.5218288898468018
bio,4,72,4.042004108428955
bio,4,73,3.423103094100952
bio,4,74,3.744797945022583
bio,4,75,3.4238922595977783
bio,4,76,3.3516957759857178
bio,4,77,3.460387706756592
bio,4,78,3.82232403755188
bio,4,79,4.762808322906494
bio,4,80,4.675227165222168
bio,4,81,3.6031856536865234
bio,4,82,5.251520156860352
bio,4,83,3.895437479019165
bio,4,84,3.3956196308135986
bio,4,85,3.8767714500427246
bio,4,86,3.3904032707214355
bio,4,87,3.652470350265503
bio,4,88,3.9863991737365723
bio,4,89,3.502549886703491
bio,4,90,3.671156406402588
bio,4,91,3.3409512042999268
bio,4,92,5.512800693511963
bio,4,93,3.3878934383392334
bio,4,94,3.6064515113830566
bio,4,95,3.7145941257476807
bio,4,96,4.8691911697387695
bio,4,97,5.473316192626953
bio,4,98,4.117938995361328
bio,4,99,4.982759952545166
bio,4,100,3.452516794204712
bio,4,101,3.47112774848938
bio,4,102,5.577180862426758
bio,4,103,3.437224864959717
bio,4,104,3.557796001434326
bio,4,105,4.086780071258545
bio,4,106,3.626194715499878
bio,4,107,4.774496555328369
bio,4,108,3.7265470027923584
bio,4,109,4.259759426116943
bio,4,110,4.1914753913879395
bio,4,111,4.819140434265137
bio,4,112,3.492344856262207
bio,4,113,3.1400649547576904
bio,4,114,4.65932035446167
bio,4,115,4.550164222717285
bio,4,116,3.9911892414093018
bio,4,117,4.017442226409912
bio,4,118,3.7194879055023193
bio,4,119,3.27940034866333
bio,4,120,5.167364597320557
bio,4,121,3.344529628753662
bio,4,122,3.528064727783203
bio,4,123,5.08409309387207
bio,4,124,3.1463444232940674
bio,4,125,4.99554443359375
bio,4,126,3.662466049194336
bio,4,127,3.654719114303589
bio,4,128,4.183270454406738
equal,1,1,2.8324482440948486
equal,1,2,10.3414945602417
equal,1,3,1.898181676864624
equal,1,4,1.8088386058807373
equal,1,5,2.756101131439209
equal,1,6,2.6471993923187256
equal,1,7,5.408597469329834
equal,1,8,2.747891426086426
equal,1,9,2.904519557952881
equal,1,10,3.166238307952881
equal,1,11,8.175421714782715
equal,1,12,1.9482039213180542
equal,1,13,10.165644645690918
equal,1,14,7.668318271636963
equal,1,15,5.52032470703125
equal,1,16,2.8027992248535156
equal,1,17,4.692137241363525
equal,1,18,6.075990676879883
equal,1,19,2.1654226779937744
equal,1,20,2.1756749153137207
equal,1,21,3.1094415187835693
equal,1,22,2.977602243423462
equal,1,23,5.907401084899902
equal,1,24,2.196674346923828
equal,1,25,4.14689826965332
equal,1,26,2.7093331813812256
equal,1,27,3.2816877365112305
equal,1,28,2.3289554119110107
equal,1,29,5.761379718780518
equal,1,30,4.494327068328857
equal,1,31,1.6017868518829346
equal,1,32,1.5819517374038696
equal,2,1,5.337846755981445
equal,2,2,4.887491226196289
equal,2,3,5.899429798126221
equal,2,4,5.694430828094482
equal,2,5,4.302453994750977
equal,2,6,5.359251976013184
equal,2,7,5.080543518066406
equal,2,8,4.969235420227051
equal,2,9,3.3259291648864746
equal,2,10,5.186680316925049
equal,2,11,3.0966272354125977
equal,2,12,2.8441171646118164
equal,2,13,5.179008483886719
equal,2,14,4.673789024353027
equal,2,15,5.1883769035339355
equal,2,16,4.6472015380859375
equal,2,17,4.68349027633667
equal,2,18,4.147424697875977
equal,2,19,1.1259108781814575
equal,2,20,3.576228380203247
equal,2,21,5.0658063888549805
equal,2,22,2.452298879623413
equal,2,23,3.741428852081299
equal,2,24,2.585761547088623
equal,2,25,3.9829225540161133
equal,2,26,3.8958046436309814
equal,2,27,5.099288463592529
equal,2,28,5.056285858154297
equal,2,29,5.28729248046875
equal,2,30,5.305548191070557
equal,2,31,5.05476713180542
equal,2,32,4.180589199066162
equal,2,33,5.184599876403809
equal,2,34,5.103612899780273
equal,2,35,1.100000023841858
equal,2,36,3.199511766433716
equal,2,37,2.0253727436065674
equal,2,38,4.1545233726501465
equal,2,39,2.3265440464019775
equal,2,40,1.1260185241699219
equal,2,41,1.1411921977996826
equal,2,42,5.670435428619385
equal,2,43,4.741621017456055
equal,2,44,1.102793574333191
equal,2,45,3.8072919845581055
equal,2,46,4.85235071182251
equal,2,47,3.5017640590667725
equal,2,48,4.006226539611816
equal,2,49,5.068987846374512
equal,2,50,1.100000023841858
equal,2,51,1.1049976348876953
equal,2,52,5.320066928863525
equal,2,53,5.052726745605469
equal,2,54,5.418902397155762
equal,2,55,3.348828077316284
equal,2,56,5.139366149902344
equal,2,57,1.1493728160858154
equal,2,58,5.045341491699219
equal,2,59,5.237820625305176
equal,2,60,4.942092418670654
equal,2,61,4.427109718322754
equal,2,62,3.4858124256134033
equal,2,63,5.009556770324707
equal,2,64,1.203648567199707
equal,3,1,2.6296889781951904
equal,3,2,4.970458030700684
equal,3,3,1.4780231714248657
equal,3,4,5.065420150756836
equal,3,5,2.1651744842529297
equal,3,6,2.229879856109619
equal,3,7,2.346952438354492
equal,3,8,5.424458980560303
equal,3,9,2.110506772994995
equal,3,10,5.688296794891357
equal,3,11,4.7994513511657715
equal,3,12,8.786465644836426
equal,3,13,3.3945555686950684
equal,3,14,8.430000305175781
equal,3,15,2.5687742233276367
equal,3,16,3.132507562637329
equal,3,17,3.839780330657959
equal,3,18,7.643554210662842
equal,3,19,3.296222686767578
equal,3,20,8.668133735656738
equal,3,21,8.76591968536377
equal,3,22,4.312347412109375
equal,3,23,9.744218826293945
equal,3,24,2.0133402347564697
equal,3,25,1.804795503616333
equal,3,26,2.52876353263855
equal,3,27,2.1619811058044434
equal,3,28,1.1626182794570923
equal,3,29,3.2263541221618652
equal,3,30,4.227102756500244
equal,3,31,2.8538551330566406
equal,3,32,2.7604715824127197
equal,3,33,3.071711778640747
equal,3,34,4.94530725479126
equal,3,35,7.236564636230469
equal,3,36,2.0609443187713623
equal,3,37,1.5266422033309937
equal,3,38,8.895471572875977
equal,3,39,2.0663392543792725
equal,3,40,3.4034087657928467
equal,3,41,3.228517770767212
equal,3,42,3.3940844535827637
equal,3,43,6.006697177886963
equal,3,44,3.7320752143859863
equal,3,45,9.598520278930664
equal,3,46,3.540771245956421
equal,3,47,7.6162309646606445
equal,3,48,3.1587018966674805
equal,3,49,4.169644355773926
equal,3,50,3.0890748500823975
equal,3,51,2.195829391479492
equal,3,52,7.128289699554443
equal,3,53,4.198150634765625
equal,3,54,4.1781792640686035
equal,3,55,3.470719814300537
equal,3,56,4.571459770202637
equal,3,57,3.6333565711975098
equal,3,58,3.481982469558716
equal,3,59,2.9736757278442383
equal,3,60,3.8615779876708984
equal,3,61,1.2187033891677856
equal,3,62,8.842313766479492
equal,3,63,3.8202133178710938
equal,3,64,4.536652565002441
equal,3,65,5.197869300842285
equal,3,66,2.9198834896087646
equal,3,67,1.2453138828277588
equal,3,68,1.8053406476974487
equal,3,69,3.522552490234375
equal,3,70,4.054530143737793
equal,3,71,9.945677757263184
equal,3,72,7.787608623504639
equal,3,73,4.045811176300049
equal,3,74,2.2971041202545166
equal,3,75,3.858949661254883
equal,3,76,4.273133277893066
equal,3,77,3.7706356048583984
equal,3,78,4.270560264587402
equal,3,79,4.723207950592041
equal,3,80,1.1328508853912354
equal,3,81,4.844936847686768
equal,3,82,2.6141998767852783
equal,3,83,3.293299674987793
equal,3,84,2.696532726287842
equal,3,85,2.6172432899475098
equal,3,86,7.786492347717285
equal,3,87,3.339937210083008
equal,3,88,1.6689428091049194
equal,3,89,2.7482404708862305
equal,3,90,2.285256862640381
equal,3,91,5.956220626831055
equal,3,92,3.6110646724700928
equal,3,93,9.067288398742676
equal,3,94,3.745546579360962
equal,3,95,5.330122470855713
equal,3,96,4.209114074707031
equal,3,97,5.770838260650635
equal,3,98,3.290099620819092
equal,3,99,8.913028717041016
equal,3,100,1.2754005193710327
equal,3,101,1.5637251138687134
equal,3,102,2.397003173828125
equal,3,103,2.050572156906128
equal,3,104,3.8660831451416016
equal,3,105,2.5664451122283936
equal,3,106,1.339379072189331
equal,3,107,2.3997108936309814
equal,3,108,2.6629221439361572
equal,3,109,3.1358370780944824
equal,3,110,2.3393375873565674
equal,3,111,2.5462729930877686
equal,3,112,2.328899621963501
equal,3,113,4.389529705047607
equal,3,114,1.7423046827316284
equal,3,115,3.2052462100982666
equal,3,116,2.1029410362243652
equal,3,117,5.632765769958496
equal,3,118,3.3540117740631104
equal,3,119,2.0937118530273438
equal,3,120,2.1580886840820312
equal,3,121,2.098353624343872
equal,3,122,2.0222225189208984
equal,3,123,9.144685745239258
equal,3,124,4.266886234283447
equal,3,125,3.6422319412231445
equal,3,126,8.235340118408203
equal,3,127,3.4092280864715576
equal,3,128,2.305084705352783
equal,4,1,1.7582751512527466
equal,4,2,2.0560829639434814
equal,4,3,6.367544174194336
equal,4,4,1.9922795295715332
equal,4,5,3.8307700157165527
equal,4,6,6.3792290687561035
equal,4,7,5.42794942855835
equal,4,8,2.6323959827423096
equal,4,9,1.5486127138137817
equal,4,10,1.9368579387664795
equal,4,11,6.6025471687316895
equal,4,12,7.08130407333374
equal,4,13,2.0119447708129883
equal,4,14,3.0813047885894775
equal,4,15,1.4438263177871704
equal,4,16,4.16748571395874
equal,4,17,6.187715530395508
equal,4,18,6.7019500732421875
equal,4,19,5.821990489959717
equal,4,20,3.735562562942505
equal,4,21,6.135977268218994
equal,4,22,6.029203414916992
equal,4,23,3.231539487838745
equal,4,24,4.217668533325195
equal,4,25,1.6176412105560303
equal,4,26,2.088879108428955
equal,4,27,5.598041534423828
equal,4,28,1.6589492559432983
equal,4,29,2.2339706420898438
equal,4,30,1.8181887865066528
equal,4,31,2.424023389816284
equal,4,32,5.714039325714111
equal,4,33,2.290156364440918
equal,4,34,5.280074119567871
equal,4,35,6.751055717468262
equal,4,36,5.930809020996094
equal,4,37,5.686964988708496
equal,4,38,4.769024848937988
equal,4,39,4.975081443786621
equal,4,40,3.148880958557129
equal,4,41,1.6495444774627686
equal,4,42,3.979522705078125
equal,4,43,2.179094076156616
equal,4,44,5.265171527862549
equal,4,45,6.102834701538086
equal,4,46,6.458467960357666
equal,4,47,2.345496892929077
equal,4,48,1.806162714958191
equal,4,49,6.135709762573242
equal,4,50,2.6399343013763428
equal,4,51,1.7232825756072998
equal,4,52,5.205408573150635
equal,4,53,5.989553451538086
equal,4,54,1.8516737222671509
equal,4,55,6.575873851776123
equal,4,56,5.987522602081299
equal,4,57,2.1963231563568115
equal,4,58,6.178407192230225
equal,4,59,5.953477382659912
equal,4,60,4.196371555328369
equal,4,61,4.95900297164917
equal,4,62,6.46858024597168
equal,4,63,1.5139796733856201
equal,4,64,5.632693767547607
equal,4,65,4.19301176071167
equal,4,66,4.5426025390625
equal,4,67,1.9921841621398926
equal,4,68,3.4535953998565674
equal,4,69,6.044699668884277
equal,4,70,6.358890533447266
equal,4,71,1.945089340209961
equal,4,72,6.349627494812012
equal,4,73,6.34479284286499
equal,4,74,2.111177682876587
equal,4,75,5.2953996658325195
equal,4,76,5.452691555023193
equal,4,77,2.0364990234375
equal,4,78,3.8608222007751465
equal,4,79,5.807183742523193
equal,4,80,6.268409729003906
equal,4,81,3.620201587677002
equal,4,82,5.569186687469482
equal,4,83,1.5772165060043335
equal,4,84,1.8549915552139282
equal,4,85,1.656310796737671
equal,4,86,2.430307626724243
equal,4,87,1.8738948106765747
equal,4,88,5.351858615875244
equal,4,89,1.6843881607055664
equal,4,90,1.4387766122817993
equal,4,91,1.551679015159607
equal,4,92,5.963912487030029
equal,4,93,5.499866962432861
equal,4,94,2.2176764011383057
equal,4,95,2.1871213912963867
equal,4,96,4.7023138999938965
equal,4,97,5.794883728027344
equal,4,98,6.162722110748291
equal,4,99,2.799102544784546
equal,4,100,7.191434383392334
equal,4,101,1.9233428239822388
equal,4,102,3.8635764122009277
equal,4,103,2.3389272689819336
equal,4,104,2.3318872451782227
equal,4,105,2.133788824081421
equal,4,106,3.2918190956115723
equal,4,107,2.9062819480895996
equal,4,108,1.7926812171936035
equal,4,109,2.5766091346740723
equal,4,110,5.501557350158691
equal,4,111,6.6414947509765625
equal,4,112,1.6179295778274536
equal,4,113,1.9324445724487305
equal,4,114,3.5304739475250244
equal,4,115,2.0998268127441406
equal,4,116,4.157674789428711
equal,4,117,2.5245230197906494
equal,4,118,6.2045698165893555
equal,4,119,4.446083068847656
equal,4,120,5.364871978759766
equal,4,121,6.3314361572265625
equal,4,122,2.052830457687378
equal,4,123,1.6839840412139893
equal,4,124,6.0141825675964355
equal,4,125,6.201926231384277
equal,4,126,6.445985317230225
equal,4,127,2.135394334793091
equal,4,128,5.404977321624756
reverse,1,1,3.093489408493042
reverse,1,2,5.043624401092529
reverse,1,3,3.4490253925323486
reverse,1,4,3.1380832195281982
reverse,1,5,3.5708651542663574
reverse,1,6,3.4826035499572754
reverse,1,7,4.92769193649292
reverse,1,8,3.772413492202759
reverse,1,9,3.8202598094940186
reverse,1,10,3.9464778900146484
reverse,1,11,3.8658335208892822
reverse,1,12,3.5334115028381348
reverse,1,13,4.447056770324707
reverse,1,14,4.908388614654541
reverse,1,15,4.42519998550415
reverse,1,16,3.3113272190093994
reverse,1,17,4.178770542144775
reverse,1,18,5.22900390625
reverse,1,19,4.802382469177246
reverse,1,20,3.9588754177093506
reverse,1,21,3.566298484802246
reverse,1,22,3.1769766807556152
reverse,1,23,3.6059443950653076
reverse,1,24,3.323103427886963
reverse,1,25,4.68982458114624
reverse,1,26,3.6188979148864746
reverse,1,27,3.9402921199798584
reverse,1,28,4.748109340667725
reverse,1,29,4.0802001953125
reverse,1,30,4.611730098724365
reverse,1,31,3.487241268157959
reverse,1,32,4.245330810546875
reverse,2,1,4.6988935470581055
reverse,2,2,4.618770599365234
reverse,2,3,5.312472820281982
reverse,2,4,4.693917751312256
reverse,2,5,4.477669715881348
reverse,2,6,4.750207424163818
reverse,2,7,4.020718574523926
reverse,2,8,4.715676784515381
reverse,2,9,5.2383270263671875
reverse,2,10,4.711400032043457
reverse,2,11,4.55736780166626
reverse,2,12,3.542573928833008
reverse,2,13,3.4152514934539795
reverse,2,14,4.823219299316406
reverse,2,15,4.42972993850708
reverse,2,16,4.7213006019592285
reverse,2,17,3.0161938667297363
reverse,2,18,2.7166128158569336
reverse,2,19,3.9813075065612793
reverse,2,20,4.645137786865234
reverse,2,21,2.7773709297180176
reverse,2,22,5.300365924835205
reverse,2,23,4.955189228057861
reverse,2,24,4.3415961265563965
reverse,2,25,3.4683375358581543
reverse,2,26,4.699202537536621
reverse,2,27,2.5751140117645264
reverse,2,28,4.8113112449646
reverse,2,29,4.665279388427734
reverse,2,30,3.3130838871002197
reverse,2,31,4.728543281555176
reverse,2,32,4.509686470031738
reverse,2,33,3.779000759124756
reverse,2,34,4.786605358123779
reverse,2,35,4.727919101715088
reverse,2,36,4.08812141418457
reverse,2,37,3.6908578872680664
reverse,2,38,4.409727096557617
reverse,2,39,3.276109457015991
reverse,2,40,5.274832248687744
reverse,2,41,3.8540871143341064
reverse,2,42,2.4971096515655518
reverse,2,43,4.786473751068115
reverse,2,44,1.1000685691833496
reverse,2,45,2.956851005554199
reverse,2,46,4.809502601623535
reverse,2,47,5.021688938140869
reverse,2,48,2.907463788986206
reverse,2,49,4.591892242431641
reverse,2,50,1.4589329957962036
reverse,2,51,4.086987018585205
reverse,2,52,1.6837080717086792
reverse,2,53,4.715183734893799
reverse,2,54,3.0519027709960938
reverse,2,55,5.073753833770752
reverse,2,56,3.1120035648345947
reverse,2,57,4.9577202796936035
reverse,2,58,2.8432343006134033
reverse,2,59,2.5342156887054443
reverse,2,60,4.26917028427124
reverse,2,61,3.0426747798919678
reverse,2,62,5.554818153381348
reverse,2,63,4.7233405113220215
reverse,2,64,1.100000023841858
reverse,3,1,5.067976474761963
reverse,3,2,5.815371990203857
reverse,3,3,1.426162600517273
reverse,3,4,3.0282676219940186
reverse,3,5,3.7713489532470703
reverse,3,6,3.0712554454803467
reverse,3,7,1.100000023841858
reverse,3,8,4.9304962158203125
reverse,3,9,1.4707227945327759
reverse,3,10,3.1575536727905273
reverse,3,11,9.639378547668457
reverse,3,12,5.352074146270752
reverse,3,13,3.617258071899414
reverse,3,14,2.540682792663574
reverse,3,15,3.8017477989196777
reverse,3,16,9.547698020935059
reverse,3,17,10.037670135498047
reverse,3,18,3.5483198165893555
reverse,3,19,2.433666467666626
reverse,3,20,9.15853214263916
reverse,3,21,4.474410533905029
reverse,3,22,1.6110929250717163
reverse,3,23,2.7494957447052
reverse,3,24,8.478439331054688
reverse,3,25,1.6257861852645874
reverse,3,26,4.581040382385254
reverse,3,27,4.164483547210693
reverse,3,28,2.3914077281951904
reverse,3,29,2.991791009902954
reverse,3,30,2.43107008934021
reverse,3,31,9.57830810546875
reverse,3,32,2.5839598178863525
reverse,3,33,4.508891582489014
reverse,3,34,4.41016149520874
reverse,3,35,2.628751516342163
reverse,3,36,8.67951774597168
reverse,3,37,2.750223398208618
reverse,3,38,4.4647040367126465
reverse,3,39,1.9571621417999268
reverse,3,40,4.1320719718933105
reverse,3,41,2.028688907623291
reverse,3,42,2.479252338409424
reverse,3,43,4.152927875518799
reverse,3,44,3.2261962890625
reverse,3,45,4.948916435241699
reverse,3,46,2.844726085662842
reverse,3,47,10.253181457519531
reverse,3,48,3.10402512550354
reverse,3,49,2.1157915592193604
reverse,3,50,1.8093140125274658
reverse,3,51,5.0566864013671875
reverse,3,52,3.4365899562835693
reverse,3,53,4.165858745574951
reverse,3,54,3.997065782546997
reverse,3,55,2.952817916870117
reverse,3,56,3.989039897918701
reverse,3,57,1.8920565843582153
reverse,3,58,1.7175966501235962
reverse,3,59,1.8720980882644653
reverse,3,60,8.263107299804688
reverse,3,61,8.7138032913208
reverse,3,62,8.854165077209473
reverse,3,63,3.3254756927490234
reverse,3,64,2.948394775390625
reverse,3,65,6.95115852355957
reverse,3,66,3.929969549179077
reverse,3,67,8.562399864196777
reverse,3,68,3.8249316215515137
reverse,3,69,4.867620468139648
reverse,3,70,2.362896680831909
reverse,3,71,7.627458572387695
reverse,3,72,2.3238632678985596
reverse,3,73,1.5993667840957642
reverse,3,74,1.3670765161514282
reverse,3,75,2.984656810760498
reverse,3,76,4.109510898590088
reverse,3,77,3.6466782093048096
reverse,3,78,1.6729843616485596
reverse,3,79,5.4459123611450195
reverse,3,80,2.5252974033355713
reverse,3,81,2.059401035308838
reverse,3,82,1.9056566953659058
reverse,3,83,2.108428478240967
reverse,3,84,4.356110572814941
reverse,3,85,1.9981858730316162
reverse,3,86,3.6870126724243164
reverse,3,87,2.5190842151641846
reverse,3,88,4.336314678192139
reverse,3,89,3.7753713130950928
reverse,3,90,1.2492367029190063
reverse,3,91,3.238245964050293
reverse,3,92,1.4558850526809692
reverse,3,93,1.3072186708450317
reverse,3,94,4.412506103515625
reverse,3,95,2.639744758605957
reverse,3,96,8.447911262512207
reverse,3,97,7.1991472244262695
reverse,3,98,1.100000023841858
reverse,3,99,8.873617172241211
reverse,3,100,2.308180332183838
reverse,3,101,2.5811028480529785
reverse,3,102,2.37747859954834
reverse,3,103,2.8890533447265625
reverse,3,104,3.733092784881592
reverse,3,105,3.067080497741699
reverse,3,106,3.8214404582977295
reverse,3,107,2.4666895866394043
reverse,3,108,9.403299331665039
reverse,3,109,3.0394530296325684
reverse,3,110,1.1704305410385132
reverse,3,111,4.495866298675537
reverse,3,112,2.5741732120513916
reverse,3,113,4.486078262329102
reverse,3,114,2.200632333755493
reverse,3,115,9.452105522155762
reverse,3,116,3.32865834236145
reverse,3,117,5.093608379364014
reverse,3,118,4.271238803863525
reverse,3,119,2.9165802001953125
reverse,3,120,2.963974714279175
reverse,3,121,2.949509859085083
reverse,3,122,3.5177862644195557
reverse,3,123,2.718369722366333
reverse,3,124,4.053164482116699
reverse,3,125,5.5627617835998535
reverse,3,126,3.808814525604248
reverse,3,127,1.1188435554504395
reverse,3,128,7.303901195526123
reverse,4,1,1.100000023841858
reverse,4,2,1.4310109615325928
reverse,4,3,1.2231632471084595
reverse,4,4,8.046889305114746
reverse,4,5,1.123597264289856
reverse,4,6,5.602977752685547
reverse,4,7,7.248574256896973
reverse,4,8,7.282726287841797
reverse,4,9,2.781798839569092
reverse,4,10,1.100000023841858
reverse,4,11,8.179967880249023
reverse,4,12,2.640049934387207
reverse,4,13,4.876011371612549
reverse,4,14,1.1601178646087646
reverse,4,15,7.570058822631836
reverse,4,16,7.5817060470581055
reverse,4,17,7.252774715423584
reverse,4,18,1.5761735439300537
reverse,4,19,1.586801528930664
reverse,4,20,1.1338194608688354
reverse,4,21,1.3380752801895142
reverse,4,22,1.2959996461868286
reverse,4,23,1.100000023841858
reverse,4,24,3.461425542831421
reverse,4,25,1.2687119245529175
reverse,4,26,1.1550037860870361
reverse,4,27,1.142849087715149
reverse,4,28,1.6087779998779297
reverse,4,29,5.864048957824707
reverse,4,30,1.4825403690338135
reverse,4,31,7.994166851043701
reverse,4,32,6.811088562011719
reverse,4,33,3.0020017623901367
reverse,4,34,1.4012528657913208
reverse,4,35,6.584397315979004
reverse,4,36,5.80553674697876
reverse,4,37,8.476775169372559
reverse,4,38,2.2804627418518066
reverse,4,39,6.9406867027282715
reverse,4,40,8.130555152893066
reverse,4,41,1.100000023841858
reverse,4,42,1.2187727689743042
reverse,4,43,1.2048418521881104
reverse,4,44,5.585201740264893
reverse,4,45,1.3035351037979126
reverse,4,46,1.7369238138198853
reverse,4,47,1.334850788116455
reverse,4,48,1.1659640073776245
reverse,4,49,1.5710179805755615
reverse,4,50,6.860430717468262
reverse,4,51,1.100000023841858
reverse,4,52,1.5765284299850464
reverse,4,53,6.8352460861206055
reverse,4,54,2.4299964904785156
reverse,4,55,7.157447338104248
reverse,4,56,1.100000023841858
reverse,4,57,1.100000023841858
reverse,4,58,1.2858699560165405
reverse,4,59,2.764275074005127
reverse,4,60,7.125943660736084
reverse,4,61,6.279004096984863
reverse,4,62,1.100000023841858
reverse,4,63,1.1254405975341797
reverse,4,64,6.716888904571533
reverse,4,65,7.092413902282715
reverse,4,66,7.050970077514648
reverse,4,67,1.1566451787948608
reverse,4,68,4.049561977386475
reverse,4,69,1.1230698823928833
reverse,4,70,7.835298538208008
reverse,4,71,1.290245771408081
reverse,4,72,5.970831394195557
reverse,4,73,6.66375732421875
reverse,4,74,1.1097214221954346
reverse,4,75,3.0955276489257812
reverse,4,76,2.642841339111328
reverse,4,77,1.1796497106552124
reverse,4,78,2.1451897621154785
reverse,4,79,7.817159175872803
reverse,4,80,7.6900224685668945
reverse,4,81,6.096041202545166
reverse,4,82,3.720012664794922
reverse,4,83,1.3643888235092163
reverse,4,84,5.574868202209473
reverse,4,85,6.944481372833252
reverse,4,86,7.022247791290283
reverse,4,87,1.1228238344192505
reverse,4,88,1.9942840337753296
reverse,4,89,1.1425715684890747
reverse,4,90,6.195405006408691
reverse,4,91,5.833749294281006
reverse,4,92,7.312407493591309
reverse,4,93,1.4565569162368774
reverse,4,94,8.316906929016113
reverse,4,95,7.220015048980713
reverse,4,96,4.6162428855896
reverse,4,97,9.101561546325684
reverse,4,98,1.4193508625030518
reverse,4,99,2.4915881156921387
reverse,4,100,1.331275224685669
reverse,4,101,1.100000023841858
reverse,4,102,7.686413764953613
reverse,4,103,2.5192229747772217
reverse,4,104,7.147130489349365
reverse,4,105,6.243563652038574
reverse,4,106,6.898850917816162
reverse,4,107,6.987607002258301
reverse,4,108,1.1065322160720825
reverse,4,109,3.1843433380126953
reverse,4,110,1.394959807395935
reverse,4,111,1.5273271799087524
reverse,4,112,2.6358652114868164
reverse,4,113,6.6602783203125
reverse,4,114,1.100000023841858
reverse,4,115,6.213057041168213
reverse,4,116,2.135244369506836
reverse,4,117,8.401213645935059
reverse,4,118,6.6320414543151855
reverse,4,119,1.653744101524353
reverse,4,120,8.427577018737793
reverse,4,121,5.378512859344482
reverse,4,122,5.06145715713501
reverse,4,123,7.470189571380615
reverse,4,124,1.1094038486480713
reverse,4,125,6.8140549659729
reverse,4,126,1.3969651460647583
reverse,4,127,1.100000023841858
reverse,4,128,7.496334552764893
fixed,1,1,3.999959945678711
fixed,1,2,3.999959945678711
fixed,1,3,3.999959945678711
fixed,1,4,3.999959945678711
fixed,1,5,3.999959945678711
fixed,1,6,3.999959945678711
fixed,1,7,3.999959945678711
fixed,1,8,3.999959945678711
fixed,1,9,3.999959945678711
fixed,1,10,3.999959945678711
fixed,1,11,3.999959945678711
fixed,1,12,3.999959945678711
fixed,1,13,3.999959945678711
fixed,1,14,3.999959945678711
fixed,1,15,3.999959945678711
fixed,1,16,3.999959945678711
fixed,1,17,3.999959945678711
fixed,1,18,3.999959945678711
fixed,1,19,3.999959945678711
fixed,1,20,3.999959945678711
fixed,1,21,3.999959945678711
fixed,1,22,3.999959945678711
fixed,1,23,3.999959945678711
fixed,1,24,3.999959945678711
fixed,1,25,3.999959945678711
fixed,1,26,3.999959945678711
fixed,1,27,3.999959945678711
fixed,1,28,3.999959945678711
fixed,1,29,3.999959945678711
fixed,1,30,3.999959945678711
fixed,1,31,3.999959945678711
fixed,1,32,3.999959945678711
fixed,2,1,3.999959945678711
fixed,2,2,3.999959945678711
fixed,2,3,3.999959945678711
fixed,2,4,3.999959945678711
fixed,2,5,3.999959945678711
fixed,2,6,3.999959945678711
fixed,2,7,3.999959945678711
fixed,2,8,3.999959945678711
fixed,2,9,3.999959945678711
fixed,2,10,3.999959945678711
fixed,2,11,3.999959945678711
fixed,2,12,3.999959945678711
fixed,2,13,3.999959945678711
fixed,2,14,3.999959945678711
fixed,2,15,3.999959945678711
fixed,2,16,3.999959945678711
fixed,2,17,3.999959945678711
fixed,2,18,3.999959945678711
fixed,2,19,3.999959945678711
fixed,2,20,3.999959945678711
fixed,2,21,3.999959945678711
fixed,2,22,3.999959945678711
fixed,2,23,3.999959945678711
fixed,2,24,3.999959945678711
fixed,2,25,3.999959945678711
fixed,2,26,3.999959945678711
fixed,2,27,3.999959945678711
fixed,2,28,3.999959945678711
fixed,2,29,3.999959945678711
fixed,2,30,3.999959945678711
fixed,2,31,3.999959945678711
fixed,2,32,3.999959945678711
fixed,2,33,3.999959945678711
fixed,2,34,3.999959945678711
fixed,2,35,3.999959945678711
fixed,2,36,3.999959945678711
fixed,2,37,3.999959945678711
fixed,2,38,3.999959945678711
fixed,2,39,3.999959945678711
fixed,2,40,3.999959945678711
fixed,2,41,3.999959945678711
fixed,2,42,3.999959945678711
fixed,2,43,3.999959945678711
fixed,2,44,3.999959945678711
fixed,2,45,3.999959945678711
fixed,2,46,3.999959945678711
fixed,2,47,3.999959945678711
fixed,2,48,3.999959945678711
fixed,2,49,3.999959945678711
fixed,2,50,3.999959945678711
fixed,2,51,3.999959945678711
fixed,2,52,3.999959945678711
fixed,2,53,3.999959945678711
fixed,2,54,3.999959945678711
fixed,2,55,3.999959945678711
fixed,2,56,3.999959945678711
fixed,2,57,3.999959945678711
fixed,2,58,3.999959945678711
fixed,2,59,3.999959945678711
fixed,2,60,3.999959945678711
fixed,2,61,3.999959945678711
fixed,2,62,3.999959945678711
fixed,2,63,3.999959945678711
fixed,2,64,3.999959945678711
fixed,3,1,3.999959945678711
fixed,3,2,3.999959945678711
fixed,3,3,3.999959945678711
fixed,3,4,3.999959945678711
fixed,3,5,3.999959945678711
fixed,3,6,3.999959945678711
fixed,3,7,3.999959945678711
fixed,3,8,3.999959945678711
fixed,3,9,3.999959945678711
fixed,3,10,3.999959945678711
fixed,3,11,3.999959945678711
fixed,3,12,3.999959945678711
fixed,3,13,3.999959945678711
fixed,3,14,3.999959945678711
fixed,3,15,3.999959945678711
fixed,3,16,3.999959945678711
fixed,3,17,3.999959945678711
fixed,3,18,3.999959945678711
fixed,3,19,3.999959945678711
fixed,3,20,3.999959945678711
fixed,3,21,3.999959945678711
fixed,3,22,3.999959945678711
fixed,3,23,3.999959945678711
fixed,3,24,3.999959945678711
fixed,3,25,3.999959945678711
fixed,3,26,3.999959945678711
fixed,3,27,3.999959945678711
fixed,3,28,3.999959945678711
fixed,3,29,3.999959945678711
fixed,3,30,3.999959945678711
fixed,3,31,3.999959945678711
fixed,3,32,3.999959945678711
fixed,3,33,3.999959945678711
fixed,3,34,3.999959945678711
fixed,3,35,3.999959945678711
fixed,3,36,3.999959945678711
fixed,3,37,3.999959945678711
fixed,3,38,3.999959945678711
fixed,3,39,3.999959945678711
fixed,3,40,3.999959945678711
fixed,3,41,3.999959945678711
fixed,3,42,3.999959945678711
fixed,3,43,3.999959945678711
fixed,3,44,3.999959945678711
fixed,3,45,3.999959945678711
fixed,3,46,3.999959945678711
fixed,3,47,3.999959945678711
fixed,3,48,3.999959945678711
fixed,3,49,3.999959945678711
fixed,3,50,3.999959945678711
fixed,3,51,3.999959945678711
fixed,3,52,3.999959945678711
fixed,3,53,3.999959945678711
fixed,3,54,3.999959945678711
fixed,3,55,3.999959945678711
fixed,3,56,3.999959945678711
fixed,3,57,3.999959945678711
fixed,3,58,3.999959945678711
fixed,3,59,3.999959945678711
fixed,3,60,3.999959945678711
fixed,3,61,3.999959945678711
fixed,3,62,3.999959945678711
fixed,3,63,3.999959945678711
fixed,3,64,3.999959945678711
fixed,3,65,3.999959945678711
fixed,3,66,3.999959945678711
fixed,3,67,3.999959945678711
fixed,3,68,3.999959945678711
fixed,3,69,3.999959945678711
fixed,3,70,3.999959945678711
fixed,3,71,3.999959945678711
fixed,3,72,3.999959945678711
fixed,3,73,3.999959945678711
fixed,3,74,3.999959945678711
fixed,3,75,3.999959945678711
fixed,3,76,3.999959945678711
fixed,3,77,3.999959945678711
fixed,3,78,3.999959945678711
fixed,3,79,3.999959945678711
fixed,3,80,3.999959945678711
fixed,3,81,3.999959945678711
fixed,3,82,3.999959945678711
fixed,3,83,3.999959945678711
fixed,3,84,3.999959945678711
fixed,3,85,3.999959945678711
fixed,3,86,3.999959945678711
fixed,3,87,3.999959945678711
fixed,3,88,3.999959945678711
fixed,3,89,3.999959945678711
fixed,3,90,3.999959945678711
fixed,3,91,3.999959945678711
fixed,3,92,3.999959945678711
fixed,3,93,3.999959945678711
fixed,3,94,3.999959945678711
fixed,3,95,3.999959945678711
fixed,3,96,3.999959945678711
fixed,3,97,3.999959945678711
fixed,3,98,3.999959945678711
fixed,3,99,3.999959945678711
fixed,3,100,3.999959945678711
fixed,3,101,3.999959945678711
fixed,3,102,3.999959945678711
fixed,3,103,3.999959945678711
fixed,3,104,3.999959945678711
fixed,3,105,3.999959945678711
fixed,3,106,3.999959945678711
fixed,3,107,3.999959945678711
fixed,3,108,3.999959945678711
fixed,3,109,3.999959945678711
fixed,3,110,3.999959945678711
fixed,3,111,3.999959945678711
fixed,3,112,3.999959945678711
fixed,3,113,3.999959945678711
fixed,3,114,3.999959945678711
fixed,3,115,3.999959945678711
fixed,3,116,3.999959945678711
fixed,3,117,3.999959945678711
fixed,3,118,3.999959945678711
fixed,3,119,3.999959945678711
fixed,3,120,3.999959945678711
fixed,3,121,3.999959945678711
fixed,3,122,3.999959945678711
fixed,3,123,3.999959945678711
fixed,3,124,3.999959945678711
fixed,3,125,3.999959945678711
fixed,3,126,3.999959945678711
fixed,3,127,3.999959945678711
fixed,3,128,3.999959945678711
fixed,4,1,3.999959945678711
fixed,4,2,3.999959945678711
fixed,4,3,3.999959945678711
fixed,4,4,3.999959945678711
fixed,4,5,3.999959945678711
fixed,4,6,3.999959945678711
fixed,4,7,3.999959945678711
fixed,4,8,3.999959945678711
fixed,4,9,3.999959945678711
fixed,4,10,3.999959945678711
fixed,4,11,3.999959945678711
fixed,4,12,3.999959945678711
fixed,4,13,3.999959945678711
fixed,4,14,3.999959945678711
fixed,4,15,3.999959945678711
fixed,4,16,3.999959945678711
fixed,4,17,3.999959945678711
fixed,4,18,3.999959945678711
fixed,4,19,3.999959945678711
fixed,4,20,3.999959945678711
fixed,4,21,3.999959945678711
fixed,4,22,3.999959945678711
fixed,4,23,3.999959945678711
fixed,4,24,3.999959945678711
fixed,4,25,3.999959945678711
fixed,4,26,3.999959945678711
fixed,4,27,3.999959945678711
fixed,4,28,3.999959945678711
fixed,4,29,3.999959945678711
fixed,4,30,3.999959945678711
fixed,4,31,3.999959945678711
fixed,4,32,3.999959945678711
fixed,4,33,3.999959945678711
fixed,4,34,3.999959945678711
fixed,4,35,3.999959945678711
fixed,4,36,3.999959945678711
fixed,4,37,3.999959945678711
fixed,4,38,3.999959945678711
fixed,4,39,3.999959945678711
fixed,4,40,3.999959945678711
fixed,4,41,3.999959945678711
fixed,4,42,3.999959945678711
fixed,4,43,3.999959945678711
fixed,4,44,3.999959945678711
fixed,4,45,3.999959945678711
fixed,4,46,3.999959945678711
fixed,4,47,3.999959945678711
fixed,4,48,3.999959945678711
fixed,4,49,3.999959945678711
fixed,4,50,3.999959945678711
fixed,4,51,3.999959945678711
fixed,4,52,3.999959945678711
fixed,4,53,3.999959945678711
fixed,4,54,3.999959945678711
fixed,4,55,3.999959945678711
fixed,4,56,3.999959945678711
fixed,4,57,3.999959945678711
fixed,4,58,3.999959945678711
fixed,4,59,3.999959945678711
fixed,4,60,3.999959945678711
fixed,4,61,3.999959945678711
fixed,4,62,3.999959945678711
fixed,4,63,3.999959945678711
fixed,4,64,3.999959945678711
fixed,4,65,3.999959945678711
fixed,4,66,3.999959945678711
fixed,4,67,3.999959945678711
fixed,4,68,3.999959945678711
fixed,4,69,3.999959945678711
fixed,4,70,3.999959945678711
fixed,4,71,3.999959945678711
fixed,4,72,3.999959945678711
fixed,4,73,3.999959945678711
fixed,4,74,3.999959945678711
fixed,4,75,3.999959945678711
fixed,4,76,3.999959945678711
fixed,4,77,3.999959945678711
fixed,4,78,3.999959945678711
fixed,4,79,3.999959945678711
fixed,4,80,3.999959945678711
fixed,4,81,3.999959945678711
fixed,4,82,3.999959945678711
fixed,4,83,3.999959945678711
fixed,4,84,3.999959945678711
fixed,4,85,3.999959945678711
fixed,4,86,3.999959945678711
fixed,4,87,3.999959945678711
fixed,4,88,3.999959945678711
fixed,4,89,3.999959945678711
fixed,4,90,3.999959945678711
fixed,4,91,3.999959945678711
fixed,4,92,3.999959945678711
fixed,4,93,3.999959945678711
fixed,4,94,3.999959945678711
fixed,4,95,3.999959945678711
fixed,4,96,3.999959945678711
fixed,4,97,3.999959945678711
fixed,4,98,3.999959945678711
fixed,4,99,3.999959945678711
fixed,4,100,3.999959945678711
fixed,4,101,3.999959945678711
fixed,4,102,3.999959945678711
fixed,4,103,3.999959945678711
fixed,4,104,3.999959945678711
fixed,4,105,3.999959945678711
fixed,4,106,3.999959945678711
fixed,4,107,3.999959945678711
fixed,4,108,3.999959945678711
fixed,4,109,3.999959945678711
fixed,4,110,3.999959945678711
fixed,4,111,3.999959945678711
fixed,4,112,3.999959945678711
fixed,4,113,3.999959945678711
fixed,4,114,3.999959945678711
fixed,4,115,3.999959945678711
fixed,4,116,3.999959945678711
fixed,4,117,3.999959945678711
fixed,4,118,3.999959945678711
fixed,4,119,3.999959945678711
fixed,4,120,3.999959945678711
fixed,4,121,3.999959945678711
fixed,4,122,3.999959945678711
fixed,4,123,3.999959945678711
fixed,4,124,3.999959945678711
fixed,4,125,3.999959945678711
fixed,4,126,3.999959945678711
fixed,4,127,3.999959945678711
fixed,4,128,3.999959945678711
